[   
    {
        "name": "Select",
        "value": ""
    },
    {
        "name": "Raipur_SVS",
        "value": "Raipur_SVS"
    },
    {
        "name": "Bastar_RVS",
        "value": "Bastar_RVS"
    }, 
    {
        "name": "Bilaspur_RVS",
        "value": "Bilaspur_RVS"
    },
    {
        "name": "Surguja_RVS",
        "value": "Surguja_RVS"
    },
    {
        "name": "Balod_DVS",
        "value": "Balod_DVS"
    },
    {
        "name": "bazar_Baloda",
        "value": "bazar_Baloda"
    }, 
    {
        "name": "Balrampur_DVS",
        "value": "Balrampur_DVS"
    },
    {
        "name": "Bastar_DVS",
        "value": "Bastar_DVS"
    },
    {
        "name": "Bemetara_DVS",
        "value": "Bemetara_DVS"
    }
    
]