[   
    {
        "name": "Select",
        "value": ""
    },
    {
        "name": "Amaravati",
        "value": "Amaravati"
    },
    {
        "name": "Itanagar",
        "value": "Itanagar"
    }, 
    {
        "name": "Dispur",
        "value": "Dispur"
    },
    {
        "name": "Patna",
        "value": "Patna"
    },
    {
        "name": "Raipur",
        "value": "Raipur"
    },
    {
        "name": "Panaji",
        "value": "Panaji"
    }, 
    {
        "name": "Gandhinagar",
        "value": "Gandhinagar"
    },
    {
        "name": "Chandigarh",
        "value": "Chandigarh"
    },
    {
        "name": "Shimla",
        "value": "Shimla"
    },
    {
        "name": "Ranchi",
        "value": "Ranchi"
    }, 
    {
        "name": "Bengaluru",
        "value": "Bengaluru"
    },
    {
        "name": "Thiruvananthapuram",
        "value": "Thiruvananthapuram"
    },
    {
        "name": "Bhopal",
        "value": "Bhopal"
    },
    {
        "name": "Mumbai",
        "value": "Mumbai"
    }, 
    {
        "name": "Imphal",
        "value": "Imphal"
    },
    {
        "name": "Shillong",
        "value": "Shillong"
    },
    {
        "name": "Aizawl",
        "value": "Aizawl"
    },
    {
        "name": "Kohima",
        "value": "Kohima"
    }, 
    {
        "name": "Bhubaneswar",
        "value": "Bhubaneswar"
    },
    {
        "name": "Jaipur",
        "value": "Jaipur"
    },
    {
        "name": "Gangtok",
        "value": "Gangtok"
    },
    {
        "name": "Dehradun",
        "value": "Dehradun"
    }, 
    {
        "name": "Chennai",
        "value": "Chennai"
    },
    {
        "name": "Hyderabad",
        "value": "Hyderabad"
    },
    {
        "name": "Tripura",
        "value": "Tripura"
    },
    {
        "name": "Agartala",
        "value": "Agartala"
    }, 
    {
        "name": "Lucknow",
        "value": "Lucknow"
    },
    {
        "name": "Kolkata",
        "value": "Kolkata"
    }


]