[   
    {
        "name": "Select",
        "value": ""
    },
    {
        "name": "AndhraPradesh",
        "value": "AndhraPradesh"
    },
    {
        "name": "ArunachalPradesh",
        "value": "ArunachalPradesh"
    }, 
    {
        "name": "Assam",
        "value": "Assam"
    },
    {
        "name": "Bihar",
        "value": "Bihar"
    },
    {
        "name": "Chhattisgarh",
        "value": "Chhattisgarh"
    },
    {
        "name": "Goa",
        "value": "Goa"
    }, 
    {
        "name": "Gujarat",
        "value": "Gujarat"
    },
    {
        "name": "Haryana",
        "value": "Haryana"
    },
    {
        "name": "Himachal_Pradesh",
        "value": "Himachal_Pradesh"
    },
    {
        "name": "Jharkhand",
        "value": "Jharkhand"
    }, 
    {
        "name": "Karnataka",
        "value": "Karnataka"
    },
    {
        "name": "Kerala",
        "value": "Kerala"
    },
    {
        "name": "Madhya_Pradesh",
        "value": "Madhya_Pradesh"
    },
    {
        "name": "Maharashtra",
        "value": "Maharashtra"
    }, 
    {
        "name": "Manipur",
        "value": "Manipur"
    },
    {
        "name": "Meghalaya",
        "value": "Meghalaya"
    },
    {
        "name": "Mizoram",
        "value": "Mizoram"
    },
    {
        "name": "Nagaland",
        "value": "Nagaland"
    }, 
    {
        "name": "Odisha",
        "value": "Odisha"
    },
    {
        "name": "Punjab",
        "value": "Punjab"
    },
    {
        "name": "Rajasthan",
        "value": "Rajasthan"
    },
    {
        "name": "Sikkim",
        "value": "Sikkim"
    }, 
    {
        "name": "TamilNadu",
        "value": "TamilNadu"
    },
    {
        "name": "Telangana",
        "value": "Telangana"
    },
    {
        "name": "Tripura",
        "value": "Tripura"
    },
    {
        "name": "UttarPradesh",
        "value": "UttarPradesh"
    }, 
    {
        "name": "Uttarakhand",
        "value": "Uttarakhand"
    },
    {
        "name": "WestBengal",
        "value": "WestBengal"
    }


]