[   
    {
        "name": "Select",
        "value": ""
    },
    {
        "name": "MoHFW_Officer",
        "value": "MoHFW_Officer"
    },
    {
        "name": "Production_Officer",
        "value": "Production_Officer"
    },
    {
        "name": "State_Store_Officer",
        "value": "State_Store_Officer"
    },
    {
        "name": "District_Store_Officer",
        "value": "District_Store_Officer"
    },
    {
        "name": "Vaccination_Officer",
        "value": "Vaccination_Officer"
    }
    
]