[   
    {
        "name": "Select",
        "value": ""
    },
    {
        "name": "Anantapur_UPHC",
        "value": "Anantapur_UPHC"
    },
    {
        "name": "Chittoor_CHNC",
        "value": "Chittoor_CHNC"
    }, 
    {
        "name": "East_Godavari_Inavilli",
        "value": "East_Godavari_Inavilli"
    },
    {
        "name": "Guntur_Thallapalli",
        "value": "Guntur_Thallapalli"
    },
    {
        "name": "Krishna_PHC_Krithivenu",
        "value": "Krishna_PHC_Krithivenu"
    },
    {
        "name": "Nellore_PHC",
        "value": "Nellore_PHC"
    }, 
    {
        "name": "Srikakulam_PHC",
        "value": "Srikakulam_PHC"
    },
    {
        "name": "Visakhapatnam_PHC",
        "value": "Visakhapatnam_PHC"
    },
    {
        "name": "Tirap_PHC",
        "value": "Tirap_PHC"
    },
    {
        "name": "West_Kameng_PHC",
        "value": "West_Kameng_PHC"
    }, 
    {
        "name": "East_Kameng_PHC",
        "value": "East_Kameng_PHC"
    },
    {
        "name": "East_Siang_PHC",
        "value": "East_Siang_PHC"
    },
    {
        "name": "Lower_Subansiri_PHC",
        "value": "Lower_Subansiri_PHC"
    },
    {
        "name": "Upper_Subansiri_PHC",
        "value": "Upper_Subansiri_PHC"
    }, 
    {
        "name": "West_Siang_PHC",
        "value": "West_Siang_PHC"
    },
    {
        "name": "Lohit_PHC",
        "value": "Lohit_PHC"
    },
    {
        "name": "Tawang_PHC",
        "value": "Tawang_PHC"
    },
    {
        "name": "Changlang_PHC",
        "value": "Changlang_PHC"
    }, 
    {
        "name": "Baksa_PHC",
        "value": "Baksa_PHC"
    },
    {
        "name": "Barpeta_PHC",
        "value": "Barpeta_PHC"
    },
    {
        "name": "Biswanath_PHC",
        "value": "Biswanath_PHC"
    },
    {
        "name": "Bongaigaon_PHC",
        "value": "Bongaigaon_PHC"
    }, 
    {
        "name": "Cachar_PHC",
        "value": "Cachar_PHC"
    },
    {
        "name": "Charaideo_PHC",
        "value": "Charaideo_PHC"
    },
    {
        "name": "Chirang_PHC",
        "value": "Chirang_PHC"
    },
    {
        "name": "Darrang_PHC",
        "value": "Darrang_PHC"
    }, 
    {
        "name": "Araria_PHC",
        "value": "Araria_PHC"
    },
    {
        "name": "Arwal_PHC",
        "value": "Arwal_PHC"
    },
    {
        "name": "Aurangabad_PHC",
        "value": "Aurangabad_PHC"
    },
    {
        "name": "Banka_PHC",
        "value": "Banka_PHC"
    }, 
    {
        "name": "Begusarai_PHC",
        "value": "Begusarai_PHC"
    },
    {
        "name": "Bhagalpur_PHC",
        "value": "Bhagalpur_PHC"
    },
    {
        "name": "Bhojpur_PHC",
        "value": "Bhojpur_PHC"
    },
    {
        "name": "Gaya_PHC",
        "value": "Gaya_PHC"
    },
    {
        "name": "Madhubani_PHC",
        "value": "Madhubani_PHC"
    }, 
    {
        "name": "Balod_PHC",
        "value": "Balod_PHC"
    },
    {
        "name": "Bastar_PHC",
        "value": "Bastar_PHC"
    },
    {
        "name": "Bijapur_PHC",
        "value": "Bijapur_PHC"
    },
    {
        "name": "Bilaspur_PHC",
        "value": "Bilaspur_PHC"
    }, 
    {
        "name": "Durg_PHC",
        "value": "Durg_PHC"
    },
    {
        "name": "Jashpur_PHC",
        "value": "Jashpur_PHC"
    },
    {
        "name": "Mahasamund_PHC",
        "value": "Mahasamund_PHC"
    },
    {
        "name": "Raipur_PHC",
        "value": "Raipur_PHC"
    }, 
    {
        "name": "Sukma_PHC",
        "value": "Sukma_PHC"
    },
    {
        "name": "Surajpur_PHC",
        "value": "Surajpur_PHC"
    },
    {
        "name": "Goa_GMC",
        "value": "Goa_GMC"
    },
    {
        "name": "Goa_Bicholim_PHC",
        "value": "Goa_Bicholim_PHC"
    }, 
    {
        "name": "Vadodara_PHC",
        "value": "Vadodara_PHC"
    },
    {
        "name": "Gandhinagar_PHC",
        "value": "Gandhinagar_PHC"
    },
    {
        "name": "Anand_PHC",
        "value": "Anand_PHC"
    },
    {
        "name": "Rajkot_PHC",
        "value": "Rajkot_PHC"
    }, 
    {
        "name": "Amreli_PHC",
        "value": "Amreli_PHC"
    },
    {
        "name": "Surat_PHC",
        "value": "Surat_PHC"
    },
    {
        "name": "Bharuch_PHC",
        "value": "Bharuch_PHC"
    },
    {
        "name": "Belgaum_PHC",
        "value": "Belgaum_PHC"
    }, 
    {
        "name": "Bangalore_PHC",
        "value": "Bangalore_PHC"
    },
    {
        "name": "Gulbarga_PHC",
        "value": "Gulbarga_PHC"
    },
    {
        "name": "Mysore_PHC ",
        "value": "Mysore_PHC "
    },
    {
        "name": "Dhemaji_PHC",
        "value": "Dhemaji_PHC"
    }, 
    {
        "name": "Goalpara_PHC",
        "value": "Goalpara_PHC"
    },
    {
        "name": "Golaghat_PHC",
        "value": "Golaghat_PHC"
    }, 
    {
        "name": "Hailakandi_PHC",
        "value": "Hailakandi_PHC"
    },
    {
        "name": "Hojai_PHC",
        "value": "Hojai_PHC"
    }



]